{
  "friction_values": [
    0.1,
    0.15,
    0.2,
    0.25,
    0.3,
    0.35,
    0.4,
    0.45,
    0.5,
    0.55
  ],
  "results": {
    "0.1": {
      "Open_loop": {
        "ATE": 0.2003759246293594,
        "MTE": 0.5259447635686085,
        "AVE": 0.03057772834223697,
        "MVE": 0.05314346467852121
      },
      "LQR_physics": {
        "ATE": 0.000412778716783304,
        "MTE": 0.0004255462127020924,
        "AVE": 2.1655983551811835e-05,
        "MVE": 0.0005355402572899681
      },
      "PINN_LQR": {
        "ATE": 0.0006723442776656582,
        "MTE": 0.0008144429759928203,
        "AVE": 5.099857406727895e-05,
        "MVE": 0.0009562019508531638
      }
    },
    "0.15": {
      "Open_loop": {
        "ATE": 0.09232861801075687,
        "MTE": 0.23641731517470482,
        "AVE": 0.01375040124251257,
        "MVE": 0.022779580424663992
      },
      "LQR_physics": {
        "ATE": 0.0002063679811014708,
        "MTE": 0.00021277309109619128,
        "AVE": 1.0823204619629989e-05,
        "MVE": 0.00026713657047036654
      },
      "PINN_LQR": {
        "ATE": 0.00033611700552898394,
        "MTE": 0.00040601127668056324,
        "AVE": 2.5316032320101073e-05,
        "MVE": 0.00047617591397700054
      }
    },
    "0.2": {
      "Open_loop": {
        "ATE": 1.5447483395263707e-13,
        "MTE": 6.399418063957753e-13,
        "AVE": 0.0,
        "MVE": 0.0
      },
      "LQR_physics": {
        "ATE": 3.3372247377841577e-15,
        "MTE": 7.877304238392804e-15,
        "AVE": 9.508505094402154e-16,
        "MVE": 3.7192471324942744e-15
      },
      "PINN_LQR": {
        "ATE": 2.032152141436921e-15,
        "MTE": 5.2879288645526805e-15,
        "AVE": 1.3185008640448358e-15,
        "MVE": 4.773959005888173e-15
      }
    },
    "0.25": {
      "Open_loop": {
        "ATE": 0.08024154813095709,
        "MTE": 0.1978622095840612,
        "AVE": 0.011509199471981599,
        "MVE": 0.017744497509150775
      },
      "LQR_physics": {
        "ATE": 0.0002063252964391671,
        "MTE": 0.00021277304224509425,
        "AVE": 1.0816102338342932e-05,
        "MVE": 0.0002658833981769304
      },
      "PINN_LQR": {
        "ATE": 0.0003360071708487766,
        "MTE": 0.000403623002083653,
        "AVE": 2.4961978945400394e-05,
        "MVE": 0.0004723736977667037
      }
    },
    "0.3": {
      "Open_loop": {
        "ATE": 0.1509218054444231,
        "MTE": 0.36666985366731103,
        "AVE": 0.02132512433238998,
        "MVE": 0.03197489664951669
      },
      "LQR_physics": {
        "ATE": 0.0004126079771407131,
        "MTE": 0.00042554601949784264,
        "AVE": 2.1629169966916744e-05,
        "MVE": 0.0005305230001121652
      },
      "PINN_LQR": {
        "ATE": 0.0006719049259107831,
        "MTE": 0.00080488913978101,
        "AVE": 4.958417740258289e-05,
        "MVE": 0.0009409922986781949
      }
    },
    "0.35": {
      "Open_loop": {
        "ATE": 0.21386625585250227,
        "MTE": 0.5129281768861671,
        "AVE": 0.029824363243280763,
        "MVE": 0.04365493063894463
      },
      "LQR_physics": {
        "ATE": 0.0006188481100591361,
        "MTE": 0.0006383189126872595,
        "AVE": 3.244092680941846e-05,
        "MVE": 0.000793928088281326
      },
      "PINN_LQR": {
        "ATE": 0.0010076936714775598,
        "MTE": 0.0012038291089925667,
        "AVE": 7.387685432439203e-05,
        "MVE": 0.0014059021507693281
      }
    },
    "0.4": {
      "Open_loop": {
        "ATE": 0.27043546881357405,
        "MTE": 0.6412639492421948,
        "AVE": 0.0372756136553091,
        "MVE": 0.05342490709271516
      },
      "LQR_physics": {
        "ATE": 0.00082504576219201,
        "MTE": 0.0008510917018723107,
        "AVE": 4.325078840689056e-05,
        "MVE": 0.0010561078527453194
      },
      "PINN_LQR": {
        "ATE": 0.00134337380166043,
        "MTE": 0.0016005560874964289,
        "AVE": 9.784831593351401e-05,
        "MVE": 0.0018671488463841146
      }
    },
    "0.45": {
      "Open_loop": {
        "ATE": 0.32166941320324055,
        "MTE": 0.7550713044740436,
        "AVE": 0.043876520704557644,
        "MVE": 0.061726909694504534
      },
      "LQR_physics": {
        "ATE": 0.001031200999598405,
        "MTE": 0.0010638643743999061,
        "AVE": 5.405875558991302e-05,
        "MVE": 0.0013170713922931176
      },
      "PINN_LQR": {
        "ATE": 0.001678945698790222,
        "MTE": 0.001995089873605747,
        "AVE": 0.00012151048787460758,
        "MVE": 0.002324777237424719
      }
    },
    "0.5": {
      "Open_loop": {
        "ATE": 0.3683799479267669,
        "MTE": 0.8569049799093428,
        "AVE": 0.04977618969910553,
        "MVE": 0.06887601707177318
      },
      "LQR_physics": {
        "ATE": 0.0012373138874129661,
        "MTE": 0.0012766369055239187,
        "AVE": 6.486481392842735e-05,
        "MVE": 0.0015768277155686072
      },
      "PINN_LQR": {
        "ATE": 0.002014409733823402,
        "MTE": 0.0023874374053274236,
        "AVE": 0.00014487607268168624,
        "MVE": 0.002778831450235719
      }
    },
    "0.55": {
      "Open_loop": {
        "ATE": 0.4112123126272919,
        "MTE": 0.9487301321621991,
        "AVE": 0.055089535148884004,
        "MVE": 0.07510287330483703
      },
      "LQR_physics": {
        "ATE": 0.0014433844898638637,
        "MTE": 0.0014894092740230266,
        "AVE": 7.56689696045394e-05,
        "MVE": 0.0018353857421806175
      },
      "PINN_LQR": {
        "ATE": 0.002349766266717561,
        "MTE": 0.0027776255305586453,
        "AVE": 0.00016796430110171243,
        "MVE": 0.003229354900131709
      }
    }
  }
}