{
  "train_total": [
    0.04800361422943931,
    0.04720664236154456,
    0.04723201252242923,
    0.047218444023472285,
    0.04719572719756373,
    0.03660558752501279,
    0.03593750454848734,
    0.03591206948250177,
    0.03591748299619383,
    0.03593092130045875
  ],
  "train_data": [
    0.0017642465881791505,
    0.0022283194235730125,
    0.002230915146434745,
    0.002229296189873898,
    0.002231777635420809,
    0.008300640031443651,
    0.008743276137030128,
    0.00875586950462368,
    0.008761366936049711,
    0.008767324277378684
  ],
  "train_physics_vel": [
    0.0498390399414477,
    0.03720947098549095,
    0.03706516346931007,
    0.03701218524268819,
    0.03697999548258398,
    0.036995668417673176,
    0.03699003421462976,
    0.036987966335084575,
    0.03703526032444813,
    0.03701345387580127
  ],
  "train_physics_ang": [
    0.3208401449838997,
    0.3207561401874495,
    0.32115713813891855,
    0.32104113159912906,
    0.32087281197102224,
    0.1537343149797463,
    0.14261321565813542,
    0.1422500131037432,
    0.1422297239253916,
    0.14228501303433774
  ],
  "train_ic": [
    0.9171449148725409,
    0.9181761820677484,
    0.917886721517164,
    0.9183816149416648,
    0.9178668816782282,
    0.923194915382719,
    0.9233903424180702,
    0.923240203399529,
    0.9229617635160158,
    0.9233750332066166
  ],
  "val_total": [
    0.047637932237550196,
    0.04760597948128578,
    0.047596570434318676,
    0.04759297521225456,
    0.047591079942686264,
    0.03618512123337889,
    0.036153397550211,
    0.03614631330230434,
    0.03614439100982088,
    0.036141198174838025
  ],
  "val_data": [
    0.0022030554776516936,
    0.0022003258830422157,
    0.0022082285303841377,
    0.0022357240509881435,
    0.002220473898821494,
    0.00871444544642687,
    0.008803909408175891,
    0.008890854871119012,
    0.008825287367466529,
    0.008821778535981229
  ]
}